/*
Navicat MySQL Data Transfer

Source Server         : mybatis
Source Server Version : 50722
Source Host           : localhost:3306
Source Database       : demp

Target Server Type    : MYSQL
Target Server Version : 50722
File Encoding         : 65001

Date: 2020-02-11 20:05:02
*/

SET FOREIGN_KEY_CHECKS=0;

-- ----------------------------
-- Table structure for dept
-- ----------------------------
DROP TABLE IF EXISTS `dept`;
CREATE TABLE `dept` (
  `DEPTNO` int(4) NOT NULL,
  `DNAME` varchar(14) DEFAULT NULL,
  `LOC` varchar(13) DEFAULT NULL,
  PRIMARY KEY (`DEPTNO`)
) ENGINE=InnoDB DEFAULT CHARSET=utf8;

-- ----------------------------
-- Records of dept
-- ----------------------------
INSERT INTO `dept` VALUES ('10', 'ACCOUNTING', 'NEW YORK');
INSERT INTO `dept` VALUES ('20', 'RESEARCH', 'DALLAS');
INSERT INTO `dept` VALUES ('30', 'SALES', 'CHICAGO');
INSERT INTO `dept` VALUES ('40', 'OPERATIONS', 'BOSTON');

-- ----------------------------
-- Table structure for emp
-- ----------------------------
DROP TABLE IF EXISTS `emp`;
CREATE TABLE `emp` (
  `EMPNO` int(4) NOT NULL,
  `ENAME` varchar(10) DEFAULT NULL,
  `JOB` varchar(9) DEFAULT NULL,
  `MGR` int(4) DEFAULT NULL,
  `HIREDATE` date DEFAULT NULL,
  `SAL` double(7,2) DEFAULT NULL,
  `COMM` double(7,2) DEFAULT NULL,
  `DEPTNO` int(4) DEFAULT NULL,
  PRIMARY KEY (`EMPNO`)
) ENGINE=InnoDB DEFAULT CHARSET=utf8;

-- ----------------------------
-- Records of emp
-- ----------------------------
INSERT INTO `emp` VALUES ('7369', 'SMITH', 'CLERK', '7902', '1980-12-17', '800.00', null, '20');
INSERT INTO `emp` VALUES ('7499', 'ALLEN', 'SALESMAN', '7698', '1981-02-20', '1600.00', '300.00', '30');
INSERT INTO `emp` VALUES ('7521', 'WARD', 'SALESMAN', '7698', '1981-02-22', '1250.00', '500.00', '30');
INSERT INTO `emp` VALUES ('7566', 'JONES', 'MANAGER', '7839', '1981-02-02', '2975.00', null, '20');
INSERT INTO `emp` VALUES ('7654', 'MARTIN', 'SALESMAN', '7698', '1981-09-28', '1250.00', '1400.00', '30');
INSERT INTO `emp` VALUES ('7698', 'BLAKE', 'MANAGER', '7839', '1981-01-05', '2850.00', null, '30');
INSERT INTO `emp` VALUES ('7782', 'CLARK', 'MANAGER', '7839', '1981-09-06', '2450.00', null, '10');
INSERT INTO `emp` VALUES ('7839', 'KING', 'PRESIDENT', null, '1981-11-17', '5000.00', null, '10');
INSERT INTO `emp` VALUES ('7844', 'TURNER', 'SALESMAN', '7698', '1981-09-08', '1500.00', '0.00', '30');
INSERT INTO `emp` VALUES ('7900', 'JAMES', 'CLERK', '7698', '1981-12-03', '950.00', null, '30');
INSERT INTO `emp` VALUES ('7902', 'FORD', 'ANALYST', '7566', '1981-12-03', '3000.00', null, '20');
INSERT INTO `emp` VALUES ('7934', 'MILLER', 'CLERK', '7782', '1982-01-23', '1300.00', null, '10');

-- ----------------------------
-- Table structure for salgrade
-- ----------------------------
DROP TABLE IF EXISTS `salgrade`;
CREATE TABLE `salgrade` (
  `GRADE` int(11) NOT NULL,
  `LOSAL` double DEFAULT NULL,
  `HISAL` double DEFAULT NULL,
  PRIMARY KEY (`GRADE`)
) ENGINE=InnoDB DEFAULT CHARSET=utf8;

-- ----------------------------
-- Records of salgrade
-- ----------------------------
INSERT INTO `salgrade` VALUES ('1', '700', '1200');
INSERT INTO `salgrade` VALUES ('2', '1201', '1400');
INSERT INTO `salgrade` VALUES ('3', '1401', '2000');
INSERT INTO `salgrade` VALUES ('4', '2001', '3000');
INSERT INTO `salgrade` VALUES ('5', '3001', '9999');
